DESIG,n_abrae,forest_loss_ha,agriculture_gain_ha,urban_gain_ha
Monumento Natural (MN),37,9378.8,329.04999999999995,171.76999999999998
Parque Nacional (PN),43,84393.72,14848.089999999998,1139.39
Reserva Forestal (RF),14,64194.119999999995,21625.75,4841.7
Reserva Nacional Hidraúlica (RNH),14,63569.27,15671.82,6230.65
Zona Protectora (ZP),64,269720.01,3988.67,9135.3
Área Boscosa Bajo Protección (ABBP),43,181376.87,34140.61,628.99
